x,y,c
1,-2.87397924499447,-1.97756323299935,0
2,-1.93979810055461,-2.75821665813393,0
3,-1.95455982890499,2.6573853745834,0
4,-3.28410386989195,1.95212076758857,0
5,-1.95475799952895,2.35158121951868,0
6,-1.13310773373882,2.6496989559941,0
7,-0.0639327689102293,-2.70330651559087,0
8,2.27237047605587,-1.9212071143765,0
9,2.62700305361989,-2.28401189723405,0
10,1.69558475966305,-3.61868971664079,0
11,-3.19381818556465,-1.20395302066422,0
12,-2.5003332940595,-1.82716174278358,0
13,-1.3491369075255,-2.78380434032875,0
14,2.60957962528577,1.85907739080615,0
15,-2.88338773289204,-2.22883614903201,0
16,0.161543664804919,-2.84678622088592,0
17,-2.11500712071896,3.07838507599971,0
18,-1.20921660268568,2.68140231420886,0
19,1.42722235610683,-3.40838062802085,0
20,3.5669759477798,0.958909629332597,0
21,2.80847667257376,-0.876361884776111,0
22,-2.55122154075286,0.0098861470000559,0
23,-2.28407471632722,-2.30424686018767,0
24,-2.92749942173414,1.37254707745094,0
25,1.26362685772046,-2.42335743054735,0
26,3.32550722417931,-1.50837083104519,0
27,2.92499960461785,-1.20049022593801,0
28,-1.5570094082108,2.20614791935419,0
29,1.93966254021106,-1.96103832265545,0
30,-3.24533722119083,0.307917006630803,0
31,0.451743390534084,3.02941800942393,0
32,-2.05651283778416,-1.54099191654012,0
33,-1.44827718846388,-2.93547787296513,0
34,-0.70006036844437,-3.03703305044935,0
35,-2.14117886771435,-1.5607890938816,0
36,-3.38816575157548,-1.95255636549505,0
37,3.6462786252012,-0.0324578047799971,0
38,-2.93059653428276,-0.240565157123174,0
39,2.47239265511517,-1.72811893810147,0
40,-3.86768002172328,-0.361162839112575,0
41,0.165990974374149,-2.60281632179679,0
42,0.771604247854627,-2.68856129031817,0
43,0.443496360491525,2.50841549024264,0
44,-1.83705213862212,2.60834153899777,0
45,1.70390748793628,2.78110398795127,0
46,-0.862820652683586,2.64827527748826,0
47,2.27175502614363,1.7528616116728,0
48,-2.89656360173336,1.50658822384646,0
49,1.33821658353441,3.45338654157819,0
50,1.02966302808057,2.81046091365069,0
51,-2.54378052405355,0.819344128654489,0
52,-0.773402563681651,-3.37837572944212,0
53,-0.773877439649244,-3.5850312713197,0
54,-1.12594956868656,-3.50834297904879,0
55,0.649990999977254,2.42761399276228,0
56,-1.87846195742805,-1.89883475994336,0
57,0.7534406098913,-3.27618252664956,0
58,2.26245145357666,-1.79740323841673,0
59,-2.79005313347011,2.47665694595187,0
60,3.72731328126356,-0.944478337951458,0
61,-2.67175047353722,-0.310770762992532,0
62,2.91114627644392,0.905877544895076,0
63,-3.88448735471195,0.912329247708265,0
64,1.4381173023716,2.32673593962255,0
65,0.142302556086752,3.17268007093414,0
66,0.421873006783699,-3.00262262086107,0
67,-2.64490771053777,-2.53043384785823,0
68,2.67020878234433,1.29527670106724,0
69,-2.58545152665393,-1.06878178698421,0
70,-2.07526271179134,2.93586926332081,0
71,2.01569585816966,-2.09919643787764,0
72,1.30292138654657,3.53709019822608,0
73,2.7719204547187,1.47611537619966,0
74,0.920488638095603,-2.4835463599604,0
75,2.55757457644338,1.94231705319842,0
76,-3.56252805286461,-1.70499091005218,0
77,-1.11604333443506,-3.20095722870847,0
78,0.273522248446922,2.62773182635349,0
79,3.22437868593461,0.569355905729625,0
80,2.64107630853695,-2.26632926378751,0
81,1.90322970482071,2.79731145526724,0
82,-3.01907909898301,-2.36313559300287,0
83,-1.85394676080517,2.38246283315457,0
84,3.09005257328386,-0.787787640739705,0
85,-1.034132656041,-2.74755793423284,0
86,2.88885438455199,1.56707481240851,0
87,2.65785557199667,0.469759000018181,0
88,-1.20468428746078,-2.87111762669807,0
89,-1.16183197820913,3.63157067070641,0
90,2.52704833901065,-0.217333941276904,0
91,0.439909649046227,-3.2033806236828,0
92,-2.58029468625024,1.86382781944818,0
93,-0.782534865124627,-2.50430807396208,0
94,-2.74362834842404,-0.340980755675336,0
95,-2.40668622974261,-2.67075599180722,0
96,-0.699988431850983,3.64606784247953,0
97,-2.54751731726643,0.767957938916223,0
98,-3.07482843998416,-1.05631091326419,0
99,2.73909681565413,2.91340543880833,0
100,2.86567995527904,-0.0782570055612045,0
101,-2.9636310483526,2.24153772063788,0
102,0.0565457375004616,-2.63008417296722,0
103,2.36918846293756,-2.31456869958028,0
104,-1.66898038406027,2.5844743871867,0
105,2.77394652150335,-1.67210177541174,0
106,-0.410026117058615,-3.74603178123017,0
107,1.10743005085999,-3.62726234636742,0
108,-1.19679480400261,-3.05903952091823,0
109,2.94756704772236,-1.37972734265333,0
110,3.9815516026595,0.301753485327304,0
111,-1.23408940145468,3.78015769740373,0
112,1.58083331273769,2.69859810124747,0
113,2.92006918144439,-0.0225464026004835,0
114,-1.31487142785327,3.09573697933373,0
115,-2.53969509844477,1.65877328455272,0
116,0.2040077702741,3.24742641427538,0
117,0.737119116825139,-3.78223896580306,0
118,1.47093662759956,-3.70933017196209,0
119,2.07828161238188,1.89007670766197,0
120,-2.88195143998742,-0.166564191760364,0
121,-1.4434400116127,2.24487032945252,0
122,2.27494730210774,1.51360365850376,0
123,1.90173334639884,2.05378695170137,0
124,-2.16258099060203,1.50898923265845,0
125,2.09466235983543,1.61309238849147,0
126,-1.85478038449686,-3.10119384587184,0
127,-2.01039140979767,-1.96743556906983,0
128,0.838503093115554,-2.40159703632893,0
129,-2.97262818183802,0.285479408572671,0
130,3.50047748806685,0.033106985461589,0
131,-0.0651458068549333,3.09296849677689,0
132,-3.05973997833259,2.11184684003308,0
133,1.44706716351164,3.30151483651422,0
134,2.66257952121709,-1.51772063149033,0
135,1.04174737330822,2.55026569442884,0
136,0.0575363213920189,-3.04713932781545,0
137,-2.62563025220523,-2.97170934187766,0
138,-2.03032793743592,-1.86877537792144,0
139,-0.213590531717237,3.0649139018123,0
140,-3.73641822533488,1.31698292837615,0
141,0.667856454092282,-2.42395619293958,0
142,-2.57414002319084,1.95462189897028,0
143,1.6709848796266,-3.22245268143758,0
144,-2.58041837536482,-1.89350172947627,0
145,1.71626334285792,-2.27218810096851,0
146,-3.79677524902178,-0.725120504516586,0
147,1.27480379596447,-2.86418157968834,0
148,2.66899683359146,1.06516647391456,0
149,-2.43389120211564,1.99684984403109,0
150,-1.55256769179617,-2.40823765926441,0
151,1.87991096117503,2.61871783780367,0
152,1.9504796138543,2.1182113214607,0
153,1.54657460641601,-2.57581359780299,0
154,2.96542285504469,1.27540633322463,0
155,3.23954475042722,-1.58258925707825,0
156,-2.8248688115059,2.35386960671536,0
157,-2.86411077588155,0.603633072668882,0
158,1.85423251230257,-2.85869013348767,0
159,1.84430985259846,2.40069391515499,0
160,-0.341965792879293,-3.90106747287069,0
161,1.36181479893002,-2.2581887997703,0
162,-2.38463731776811,1.97587386525521,0
163,3.40721832638595,-1.59640212055425,0
164,-0.0865592002806523,-3.83505431635946,0
165,-3.9441583663331,-0.609005286190211,0
166,3.17126888718566,-1.42146958794526,0
167,1.69488482508474,-2.80005341593756,0
168,-2.23082503803148,3.29487852056065,0
169,3.15303730154702,1.93351016567265,0
170,0.337939181063935,-2.914081262578,0
171,0.935145326881831,3.21039070529569,0
172,1.98928554156551,-2.40397121283576,0
173,3.36212396132745,2.05408156136696,0
174,3.16417088229264,0.788983859187722,0
175,3.04008814886107,-1.27639420735281,0
176,-2.47189962477995,-1.84784077221621,0
177,-1.19802730142883,-3.30972499314324,0
178,-1.45080141675463,-2.18455559405229,0
179,-2.81256597728839,2.42345021421926,0
180,-1.83894022941205,-2.0263701783589,0
181,2.56003300229047,2.59443594967588,0
182,-2.77236017407623,1.06627057720298,0
183,-0.495059953407603,2.86364334295311,0
184,3.0269359494415,-0.590289153252228,0
185,3.7873248834733,-0.390990685035104,0
186,-3.01128686121403,1.10375368960014,0
187,-1.82522037850367,2.01969237045887,0
188,2.43179435354651,-2.94383558936848,0
189,-2.58623755677854,0.651919055980868,0
190,-2.55878576696843,1.48880957490059,0
191,1.43354272766967,-3.68891381783501,0
192,2.18626195937429,1.86752702743789,0
193,-3.01096772514624,0.537809944601561,0
194,-0.731874127038634,-3.80362912143676,0
195,-2.90809488271122,-0.986662023233301,0
196,-2.78189447457689,0.166923740975959,0
197,3.29337189948748,2.15149302856429,0
198,0.963684020932149,3.67768530578555,0
199,0.306813057519782,3.88819651621831,0
200,1.64857289667036,3.5214980523352,0
201,1.57613712057009,-2.50756849399233,0
202,2.16893469228043,1.48820468274896,0
203,-2.48411554815374,2.14435525766466,0
204,-0.71387765530798,2.84612196954651,0
205,2.47098914204533,-1.73302824505469,0
206,-1.7744618264693,-2.63944427998162,0
207,2.53617838900828,-2.68075813034384,0
208,-0.19675019931768,3.02069898869399,0
209,-0.0369443723185154,2.54257940518719,0
210,-2.85685492635661,-1.64095277499086,0
211,-1.0252615549697,-3.27331063883989,0
212,-0.97079642059559,2.70704267851389,0
213,0.769490095526444,-2.8372862627299,0
214,1.66750593378208,2.20851489206209,0
215,0.256543267526751,-3.77660747499561,0
216,0.668963325890886,-2.71141876964864,0
217,2.32585582973713,-2.89774381754831,0
218,-2.41864623240803,-2.09346653586081,0
219,-1.76516759783208,2.3625928443015,0
220,2.47587749827375,-2.26538838037938,0
221,1.120303535837,3.6677593091289,0
222,0.639202287798106,2.7125686365889,0
223,2.12956864594557,2.2089351946525,0
224,-2.43328960224368,-2.73784708871976,0
225,0.943347885417175,-2.32478244166429,0
226,-2.50120463449063,-1.74175290425932,0
227,0.0109337279028458,-3.08303803693613,0
228,-2.36409769552595,2.75861280065414,0
229,2.22836320429211,-2.95549186337942,0
230,-0.573838844284532,2.49786026416623,0
231,2.42512604183776,0.944684859377029,0
232,0.762682050719073,3.52362973816262,0
233,-2.71916515868059,0.515804879748315,0
234,2.09352273049661,2.59179000512539,0
235,-3.80061523265452,-0.100760913357688,0
236,1.73093429494661,-2.08734244349065,0
237,-1.67442016892102,1.87470384310049,0
238,-2.63047851307517,2.90716450444933,0
239,2.26007730673472,-1.54226611158645,0
240,3.31572241357978,-1.62741760389693,0
241,-3.81559205916144,-0.208651250993898,0
242,0.504912025500182,-3.22094003776655,0
243,-1.61140632009025,-2.1405720631224,0
244,0.684824067238132,-3.72880009167335,0
245,0.538379779291697,3.51987478994417,0
246,-1.71253639399414,2.5533769918864,0
247,3.17702756460637,-0.177429290029407,0
248,3.33945866602713,0.0960857372186966,0
249,-1.45447355427571,2.80821462209808,0
250,-2.1770189134589,2.01387954104807,0
251,-3.84885742932871,-0.812478768206161,0
252,2.11959277959065,-2.44508675981055,0
253,-1.15248353653171,-2.46381897830332,0
254,-1.26516655188142,-2.69064745081628,0
255,2.84004658622985,0.169394026012224,0
256,3.75518279176994,1.00174584789046,0
257,-1.9542973468672,2.20632618577522,0
258,2.87576355698596,1.90763433181983,0
259,-2.14388269702767,1.35450928494481,0
260,-2.6592814955375,2.70208857075336,0
261,2.40380943100115,0.958144355440076,0
262,-0.0728199364764748,2.73902482505432,0
263,-0.0870120097763958,-3.30254979429535,0
264,-1.01910738928886,3.25529773349823,0
265,-0.940050940257788,2.92544468560423,0
266,2.12462778891431,-2.1992011027207,0
267,-3.70197296681326,1.0983915453262,0
268,-0.491493004916391,-3.90776403926851,0
269,2.56243548417825,-2.30876256458248,0
270,-0.160225637423525,2.5384425162197,0
271,-2.41400667359564,2.12076146508401,0
272,1.94673076479688,2.33884020598187,0
273,-2.87898271152874,2.25215370752759,0
274,2.0755889399209,-1.78044942938429,0
275,-2.13619537148124,2.09978659749431,0
276,-0.278273033851475,3.25288703853523,0
277,-2.61879153077084,1.3309224623093,0
278,1.47379906764166,-2.80121766448652,0
279,1.21518668147399,3.48003925255625,0
280,2.32310892708313,2.46772192654216,0
281,1.66906501541677,-2.2340298100305,0
282,2.22707165843689,2.22581072383719,0
283,3.82951030595036,-0.613447924006979,0
284,-1.61637703464015,-2.19628288134874,0
285,0.566035647934331,-3.58335000734733,0
286,2.5953626386874,-1.47275275870845,0
287,-2.07565443816271,3.37011568699922,0
288,-2.83346233424846,0.469578666649287,0
289,3.09765829237345,1.0675705196373,0
290,3.68580586850443,1.06499284436602,0
291,3.03503918304531,0.359290182820906,0
292,-3.6524668755373,-1.29674762564245,0
293,2.69086269980045,1.99126631102626,0
294,-2.73442771233098,-0.495724666738999,0
295,1.20897272899531,-2.83088690671257,0
296,0.778880678708888,-3.26703407201303,0
297,-2.12164148972182,-1.74612559039783,0
298,2.3086933211104,1.28996886075245,0
299,3.54634210307048,-1.15912094262268,0
300,2.23183542531094,-2.07366159660177,0
301,-1.61908218181469,2.0654714250549,0
302,3.47601337380963,-1.90304743695414,0
303,3.10900691764786,0.0692722732441209,0
304,-3.07327495888157,1.62311475613099,0
305,0.0626241431883335,-2.92032736656699,0
306,-3.57445627697511,-1.23772002999562,0
307,-2.28212087732283,2.38559973418455,0
308,3.07394493266504,0.11951336082801,0
309,-2.46637859667351,-2.51115351645327,0
310,2.75719031771703,1.19353976411769,0
311,2.84925554224519,1.97906374841414,0
312,-2.91201270069379,-1.81767020286694,0
313,0.299750904691573,-3.08843115318741,0
314,0.316190677753034,3.63561808798188,0
315,2.30704804380292,-2.9248283855527,0
316,-1.3956215036653,2.83967338411345,0
317,-2.80735321809395,-0.474772724321204,0
318,-1.8913947360467,2.41336495966668,0
319,0.86998522172901,3.43535388402627,0
320,3.30705668234601,-0.992359025376458,0
321,-0.66313062512944,3.45204468242191,0
322,0.429379342566858,-2.82224501883327,0
323,-2.79977011466751,-0.268968013792557,0
324,-0.484403203202375,3.28374544397129,0
325,2.8433900740604,-0.253491145243785,0
326,-2.25428534211074,-1.78922475231524,0
327,3.15201403997259,1.3804461438763,0
328,1.32024109040916,2.59584322416864,0
329,3.19739891825657,-0.684903930995035,0
330,3.56860136692192,1.68016398546286,0
331,-3.10099513772851,1.71430632179198,0
332,-2.56430563026794,-0.790654628733799,0
333,-2.92987174175268,0.854273537552163,0
334,2.3074156372863,-2.01419916083381,0
335,-2.37332619380014,-0.93546249476031,0
336,0.745917816505454,2.81011317859597,0
337,0.789016010469255,2.94821162896291,0
338,0.407268067191919,-2.78283818479159,0
339,3.02303298691365,-2.21167722209124,0
340,-1.04660829404637,2.27361162131973,0
341,-0.787746402685351,-3.30258301556791,0
342,-1.15837532812113,-2.38004927750105,0
343,3.22416467170597,0.271524891814619,0
344,0.341696207041684,-2.7005818174814,0
345,-1.5888413858273,-3.44800009851821,0
346,-2.81273381494183,-1.58518800283694,0
347,-2.54945027429951,-0.218163458919552,0
348,-2.89993410237054,0.580844060846069,0
349,-2.3912351814587,1.99936286248498,0
350,-2.91423773885307,2.37708154908074,0
351,2.37614570881595,-1.63373452562638,0
352,-1.38327988102404,2.93064196402376,0
353,-1.09900142591253,3.29041251322869,0
354,-0.368873013808504,3.02282439393355,0
355,-2.41216663975007,-1.76142696658966,0
356,0.0408529804214853,3.23727685128986,0
357,0.865083319560656,2.78477707889667,0
358,3.02056216561931,-1.80926924127558,0
359,2.3277494190718,2.80886780280979,0
360,2.37503420750432,2.25481039937983,0
361,3.28208843896858,-1.40909151667867,0
362,1.94314817602762,3.44535409724789,0
363,-2.26547100966327,1.56878536669808,0
364,-0.282573735097417,3.39902611956507,0
365,1.54587452507263,-3.53263025563371,0
366,1.45339149142737,2.37199414833969,0
367,1.34397891065061,-2.16311212093063,0
368,-3.48554229043873,0.362316459097126,0
369,3.34646025561559,-0.966144585014251,0
370,3.09618801415345,-0.533090979303482,0
371,0.895041071047247,3.61421663613391,0
372,1.41111331877643,-3.15310423235684,0
373,-0.883053320216441,3.8370161290681,0
374,-1.44115645147871,3.50907980596656,0
375,-3.19710968090455,-0.553424028574731,0
376,0.0296557218679659,3.33597592300073,0
377,3.71696935353099,-0.20936107682135,0
378,-2.93172314515038,-0.263811431622515,0
379,-1.6154440384869,-2.99755883669597,0
380,-2.0289995575075,2.15087557509523,0
381,-0.895410131881432,3.45158400040165,0
382,-3.20887379491516,-0.239705028080099,0
383,2.97503635074166,1.11344138889947,0
384,3.21871686352813,0.777218021756911,0
385,2.68715944577628,0.406075199848118,0
386,1.95435459812052,-2.21096343907125,0
387,-1.59508137495587,-3.66374484275263,0
388,-0.356777388410155,-3.35319210263519,0
389,3.52161062284736,-0.848438620518588,0
390,-2.89788184214173,-0.748891472070022,0
391,1.11047311370177,2.89404084585721,0
392,1.78290994697754,-3.29664588251468,0
393,1.49699288053671,-2.74362671443724,0
394,-1.61174478967414,-3.4359765395556,0
395,1.14114355897674,-3.413598008833,0
396,2.29355078272368,1.36656663808899,0
397,2.61041179690354,0.58992381494744,0
398,2.67590765475467,2.55195372720415,0
399,1.65140196795532,2.97772923596227,0
400,-2.35133788161708,-1.0364769378928,0
401,1.72526439033106,-1.97601565134934,0
402,3.42150740896663,0.588290402355418,0
403,-1.34503023244084,-3.38086523031557,0
404,-3.20215496420208,1.8841274410465,0
405,2.52155238071268,1.07607586394169,0
406,-2.60428139112502,-0.0998303055853524,0
407,2.56728689248038,2.29664515443934,0
408,2.62045436419452,-2.71714013355875,0
409,-1.03486230886798,2.9601748683489,0
410,2.55113596391242,1.80362190920808,0
411,-1.66914998795819,3.3789792890905,0
412,-1.40185563364243,2.50507675117746,0
413,-2.04299015737804,-1.92145855581693,0
414,-2.3292436003296,-0.98046735395711,0
415,2.62764966682591,2.02734649735396,0
416,3.03459568484429,0.219551137149419,0
417,-2.67949822282969,0.856708571696128,0
418,-2.60563026479841,1.1690086971716,0
419,-2.32873391668426,-2.67295738098843,0
420,-2.48597053544654,-0.723207516373797,0
421,2.77947390890056,-0.513660492666333,0
422,-0.95940524945994,-2.3755529718391,0
423,1.13772739720989,3.45506689742099,0
424,-1.56359990188479,-2.39173205940355,0
425,3.56138244974646,0.548336560860954,0
426,2.5551110765725,-0.786563926828105,0
427,-1.55763673591792,3.36991512807232,0
428,2.7038354457725,-0.4579680321252,0
429,3.22242557497792,0.627092356934396,0
430,-2.54114641430646,-1.96657499974565,0
431,-1.86784619333092,2.92676009238516,0
432,3.21901127528627,2.2669091537397,0
433,-1.36475395912308,2.87924701641933,0
434,-0.890555268936582,-2.64819298840024,0
435,2.33947121188126,1.13496522404321,0
436,-0.338197558064055,-2.88996570152748,0
437,-1.99853588032888,2.72870614809245,0
438,-2.74192360684451,1.10767750671294,0
439,1.77877103853873,-3.4700875199151,0
440,3.1345858974517,-1.32551792835135,0
441,-2.0357230770634,2.56875810565332,0
442,1.03060070132409,-3.53048901055884,0
443,0.681643982915214,2.89702503324116,0
444,3.70550184086531,-0.718071140400785,0
445,3.2464989518263,-1.68321424590408,0
446,2.82485713168655,0.041695631655276,0
447,0.340917039856397,2.70353350397093,0
448,0.706529506421962,2.614449580544,0
449,1.01823668461395,3.62285884421326,0
450,-1.20764371521953,-2.96312254131309,0
451,1.05289487262195,3.22290739184739,0
452,1.86089104377052,-2.70628111708052,0
453,3.34699942352883,1.16578571053012,0
454,1.85937988103054,2.34149146591122,0
455,-3.34898181148244,-1.53601411610552,0
456,-0.320478391178485,2.82090513526097,0
457,-1.6118436406355,-2.07335812603227,0
458,-3.56641386724356,0.155356423979551,0
459,2.25754881226302,-2.62786438121269,0
460,-3.32990486876211,0.781014924391771,0
461,-1.34883810127107,-2.64819894085969,0
462,0.872684425677884,-3.10992280416189,0
463,3.04820022805147,-1.80230031838293,0
464,1.66729852028934,-2.41542488207697,0
465,2.86602695946998,-1.60522970489671,0
466,-1.18647316444323,-2.76321839796831,0
467,-2.86478844427256,-2.6975902827589,0
468,2.09172390421566,-3.21719683441234,0
469,3.30226936885114,-1.56837391212411,0
470,-1.90115284702981,2.51172927779138,0
471,-2.4710347913202,-2.24658992687997,0
472,-0.771388326748071,3.09563880066528,0
473,-1.09628320443068,-2.37335393265742,0
474,-3.04214169565485,-0.810522267967839,0
475,2.67954646369725,1.19167950942,0
476,2.04123837336669,1.91736389585509,0
477,1.58610067861105,2.44501314965613,0
478,-0.764894022269259,3.72829191172347,0
479,-1.99177969598345,-2.8517154957769,0
480,0.940128830096727,-2.7128139139475,0
481,2.37333220432099,-1.97767300711615,0
482,0.845349869105346,2.45373287352609,0
483,-3.05774541976676,0.513171176306309,0
484,1.31032274626896,-2.56777628446592,0
485,0.128289685456574,-2.75162438345118,0
486,-3.49148391183505,-1.32216861241888,0
487,2.84719049114821,0.395603871894409,0
488,1.34874179594414,-3.49563266635601,0
489,0.602098576917375,-3.55276942613864,0
490,-1.53387320201496,-3.55368842617024,0
491,-1.21666046696022,2.84465536523127,0
492,-2.3155445478001,1.8662784378873,0
493,2.50821955119256,-3.00689906563057,0
494,-3.123885150007,-1.10423734130173,0
495,1.98462141346119,-2.34621750256099,0
496,3.42946278150986,0.751905382388662,0
497,-2.14796191300496,-1.55493897976454,0
498,1.50395056567778,-2.39548601598102,0
499,3.39080091913485,1.04596048362185,0
500,-0.703030448846415,-2.42203300088778,0
501,1.3045647212546,0.204549724307119,1
502,-1.20852518726739,0.499244485187087,1
503,1.13175069565458,-0.30452417537318,1
504,-1.31211990346853,0.69418638229507,1
505,0.481727519969564,-0.971623551686069,1
506,-0.321502518177174,0.216079252670066,1
507,-0.536568259174496,-0.302870057866258,1
508,-0.635633783078601,0.565353933110402,1
509,0.788099695829488,-0.420329220987923,1
510,0.851957025477813,-0.264016069253537,1
511,-0.321173061494942,-0.662255163198205,1
512,-0.298522352023643,0.411560476183986,1
513,0.405085502223463,0.502965722054283,1
514,-1.20013390990509,-0.303400810851782,1
515,-0.177207662308619,0.321696533014285,1
516,-1.27190002121667,0.637524349603898,1
517,0.915081022154296,-1.14237763995539,1
518,-0.286397154570458,0.041262185523115,1
519,0.503273007494567,0.675438984539325,1
520,0.160940694172777,0.296423319427927,1
521,-0.361250267198994,1.32143952205944,1
522,0.830606381103142,-0.351732684479388,1
523,0.388567372908507,1.31493048376787,1
524,-0.236762999411189,0.889638754182586,1
525,-0.00579402881786857,-0.40124786661017,1
526,0.21949320285637,-0.666422450499001,1
527,0.632403524998692,-0.0227968952558239,1
528,-0.28437613547813,0.0922037798111848,1
529,0.132297731132598,-0.391614605809366,1
530,-0.903877928911934,1.01757108258538,1
531,-0.764038354802369,-0.0349336540125977,1
532,-0.185822638328671,-0.486750173158453,1
533,-0.270092993846274,-0.138587737958626,1
534,0.570993942612034,-1.31297541831025,1
535,-0.221573895290884,-0.336373344705764,1
536,0.345692696914373,0.218106819987688,1
537,-0.311648745671798,1.0961994465449,1
538,-0.448358165384463,0.548003927771475,1
539,-1.18956042910813,-0.823146010807435,1
540,1.17286780777797,-0.725164087985252,1
541,-0.888100317713257,0.0390745837005037,1
542,-0.679213148002409,1.13741208524668,1
543,0.80700871916825,0.74969478377986,1
544,0.0886159973064465,1.07429847434567,1
545,-0.238717056319584,-0.258991270386699,1
546,0.532376379979037,0.0740002177647854,1
547,-0.28052089880314,-0.00808297450128527,1
548,-0.562590455825023,1.22096073388641,1
549,-0.659082080782155,-0.456146009419717,1
550,0.391160201120397,1.28257817778769,1
551,0.306787298527213,0.873556303333351,1
552,0.277272722286698,0.142857498498803,1
553,-0.306390457174383,-0.806848869496593,1
554,-0.381174319572681,-0.101609512235506,1
555,-0.490064814556771,-0.213007832228171,1
556,-1.28842046864472,0.631542114919241,1
557,0.217169787447445,-1.08787356318653,1
558,0.710947530855943,-0.467700877223899,1
559,0.922516822586701,0.741163685404763,1
560,-0.0638935633790664,-1.44508296491359,1
561,-0.328671955011983,-0.215045283410439,1
562,0.560516696601492,-0.722892936987714,1
563,-0.799805982643408,0.316604971614949,1
564,-0.476158876840558,0.226397260408176,1
565,0.00285855321396525,1.03263618560408,1
566,-0.356177732372098,0.504702463998224,1
567,-0.330638470839038,-0.932033659951199,1
568,-0.819886226224131,0.279878245982008,1
569,0.676063063768812,-0.914302055470321,1
570,0.155110982956976,-0.744339755302205,1
571,-0.66772255977449,-0.726525815624992,1
572,0.230812237858264,-0.353626325636272,1
573,0.632752045990444,0.382453346087918,1
574,-0.169375824358781,0.717024891437232,1
575,-1.24682964710486,-0.467320962651494,1
576,0.306393468493886,-0.5976614611512,1
577,0.442689007816137,0.727718850419758,1
578,0.470325670916972,-0.630688050538604,1
579,-0.895880222742444,-0.818187554875404,1
580,1.18794765454944,0.84052826129089,1
581,0.382657959881118,-0.241287546524383,1
582,-1.33326003197287,-0.0896952547570193,1
583,-0.356118433212668,0.152355332409596,1
584,0.413465982902344,-0.336836287832093,1
585,-0.351901091943935,-0.718787808479946,1
586,-0.422137910112306,-0.847040893735759,1
587,1.04093244830094,0.460673994979565,1
588,-1.01090634152406,0.396348736571165,1
589,-1.07345229253525,-0.337858850494394,1
590,-0.939382562771582,0.826633368312437,1
591,-0.291891917676017,0.376194400246753,1
592,-0.490362313269243,0.796724151840551,1
593,0.39109944322394,1.07754142585986,1
594,-0.316852496618396,0.403685543876245,1
595,0.0104682673177861,1.48428627583058,1
596,0.515727664972659,-0.822543998461114,1
597,-0.713945692580185,0.344677581354046,1
598,0.546904903779399,-0.81888049236193,1
599,-0.773900124124699,0.172689950290753,1
600,0.448584842276878,-1.05721733867404,1
601,0.446981912463037,-0.637000277529235,1
602,0.2987777355714,0.0356334595780881,1
603,-0.836122435890838,1.02801966769783,1
604,-0.0181437275346204,0.328081114058088,1
605,-0.1531957316051,-1.12748839933359,1
606,1.30092909728322,0.590194965954566,1
607,0.499044607763512,-0.669704302826237,1
608,0.133633057594399,-0.299602952940548,1
609,0.250358656691476,-0.230778505612108,1
610,0.893544350781668,1.17987288412537,1
611,-0.762762674234586,-0.692634416260091,1
612,0.52970829421171,-0.721460164391419,1
613,-0.80462793996342,0.653080752852072,1
614,-0.329921037490735,-0.383018290885651,1
615,-0.446270034809039,-0.154388627071557,1
616,-0.541361206526042,-0.258883622167653,1
617,-1.44673660587427,0.302705583399153,1
618,0.318155266849269,-0.427344182190588,1
619,-0.301651600406831,-0.994988596240063,1
620,0.235390643698848,0.318442689234808,1
621,-1.16821185257626,0.185472497158617,1
622,-1.00479331702466,-0.569107476092998,1
623,0.861490258961772,0.0301356977846348,1
624,-1.07796489936375,0.0363869302249818,1
625,-1.45183729032709,-0.373397393849227,1
626,0.400564493896813,-0.200210512901922,1
627,0.0709042358405264,-0.46172531739477,1
628,-0.76480298660985,0.415646044738612,1
629,-1.22304130335339,-0.167748792611991,1
630,1.07388141920063,0.820170019506825,1
631,0.347184430196969,0.761548887187087,1
632,-0.328027662661338,1.13576930991774,1
633,-1.02045497059512,-0.570137961986108,1
634,0.241442542642807,0.153913538263089,1
635,0.610857951036381,-0.0477418620605329,1
636,0.888616125093415,-0.971542864409255,1
637,0.0635512216612349,-0.323437135322311,1
638,0.260660429153244,-0.535330067450093,1
639,0.991742190125153,-0.0368822033234221,1
640,-0.201348231595177,0.255773550818293,1
641,0.948147764572103,0.463822804239294,1
642,-0.286581193620494,0.765428970349885,1
643,-0.111337817186881,0.365879767099375,1
644,-0.228469324650125,-0.182328555540155,1
645,0.370020360605664,-0.160089079653241,1
646,-0.185745184851721,1.42648220393568,1
647,1.35918094849823,0.240647140069866,1
648,0.490368326831601,0.304666250794419,1
649,-0.475378214746796,0.758143724564206,1
650,-0.406756643056127,0.150685432840861,1
651,-0.484794055189985,0.0201302178432301,1
652,-1.10224108107165,-0.0843793517988123,1
653,0.0757979790426565,-0.591984449354396,1
654,0.372800651769586,0.316432507095778,1
655,-0.729990742200572,0.337983979872543,1
656,-0.782117814500172,-1.18477992569356,1
657,-0.697558126221539,-0.200744511546423,1
658,0.129101831384013,0.642577911993008,1
659,0.131272879264335,-0.618536798285217,1
660,-0.45706036562373,1.28985227361667,1
661,-0.00488114598186889,1.09570429443548,1
662,-0.577969103634538,0.703631706161107,1
663,1.00522681471213,0.0762749767516863,1
664,0.330773815915611,0.266600059275684,1
665,-1.24206819209649,-0.544440155190061,1
666,-1.4684679209931,0.0974570945462755,1
667,-0.505428582176757,1.1822212733203,1
668,-0.132485509392906,0.797384829306739,1
669,-0.00532967508055715,-0.651857104431796,1
670,0.307627541773614,-1.00803968496956,1
671,0.189129571882065,1.35627348145002,1
672,-0.0687524831963709,-0.278022652433982,1
673,-1.21696656685922,0.181665390490234,1
674,-0.519657649637008,0.934618451828284,1
675,0.527241864798119,0.210752905649752,1
676,0.167977686025873,-0.55721237384062,1
677,0.316435100057466,0.133534456089701,1
678,0.476477881884037,0.20224976545564,1
679,1.36697637036407,-0.540289428560106,1
680,0.294863780932045,-0.169155340878456,1
681,1.18503040521367,0.0829407473111782,1
682,0.577494713620632,0.661912046032641,1
683,1.35870659105703,0.610759309650929,1
684,-0.375268641453243,1.21324110259534,1
685,0.912719537195375,-0.379312260607887,1
686,-0.403083426133998,0.578143105261112,1
687,0.123376009121349,1.36348772662648,1
688,-1.19397266840583,0.533921902445237,1
689,1.29108952448432,-0.578559396287135,1
690,-0.0107329193682195,-0.320184547673406,1
691,0.899203767545591,0.67658322837078,1
692,-0.660850889642806,0.190042028940177,1
693,-0.355175189414238,1.33938785085204,1
694,-0.975778023190828,-0.682953494988899,1
695,0.686688664229412,0.489245113300185,1
696,1.08700695377757,0.0727696088648223,1
697,-0.124936457573674,-0.324434015105746,1
698,-0.392306290638371,-0.158012281274644,1
699,-0.192023669752635,0.895593495908925,1
700,0.430874343079876,-0.401306620816502,1
701,0.0441345268950894,0.811319443984559,1
702,0.551298592482388,-1.28285979043626,1
703,-0.608132659831108,0.048963677318528,1
704,0.408875269553948,0.828476743906802,1
705,-0.463835157840413,-0.0144906821397022,1
706,0.00546188771631662,-0.87299174164925,1
707,-0.632650189306852,-0.362029122658148,1
708,0.66519374538623,-0.782710306760271,1
709,0.769159921678491,-0.285961410850257,1
710,-0.886051250009451,-1.04962263137799,1
711,0.0998317744374158,0.650260199511639,1
712,1.33511724400192,-0.317224189593107,1
713,1.28349712289051,-0.436912293029743,1
714,-0.479010991951497,0.334810113738251,1
715,0.4483521713449,-0.926358111838079,1
716,1.36362102845842,0.179856118276105,1
717,0.49011585173549,1.21622716849925,1
718,-0.00960320430531534,0.785951907935593,1
719,-1.03336328701941,-0.0201591758684309,1
720,1.1120521415115,0.0350310761378409,1
721,0.401718089455427,0.696164463096225,1
722,0.448621594809225,-0.782387110372507,1
723,-0.336065654656421,1.35838956931031,1
724,-0.211388358114607,0.313304091545079,1
725,-0.222892278020943,-0.136697973756109,1
726,-0.362389908594265,1.18979797637062,1
727,-0.337042745692261,-0.0821670226727529,1
728,0.17821496165302,0.257228965453384,1
729,-0.319496685468521,-0.893589821052548,1
730,-1.04512589745439,-0.384174932826659,1
731,0.0408528078488482,0.296162198938311,1
732,-0.159596598860607,-0.536951759874809,1
733,-0.105380978338447,-0.255622056118055,1
734,1.24418928751141,-0.420499534793126,1
735,-0.568138697417985,-0.488943311903379,1
736,1.15076979857945,0.0169376405065552,1
737,-0.310196613182227,0.10237118259096,1
738,0.00276438135236056,0.460537693439448,1
739,-0.375273873902872,-1.36267982449224,1
740,0.246296413687645,1.13887837487254,1
741,-0.632878801351683,-0.155992670195928,1
742,-0.166714863733492,-0.427018848464273,1
743,0.977518592286699,-0.0812502064522879,1
744,-0.78304801558262,0.0293195755605154,1
745,0.154474022670739,-0.441237604160422,1
746,-0.233307936926004,-0.692288265390365,1
747,-0.247629806638078,0.993745051046895,1
748,0.396501728094154,0.852510737754392,1
749,0.735996334532272,-0.100844841013405,1
750,0.159758377728688,-1.14318861490593,1
751,0.33538248204511,0.85116228565908,1
752,1.09912967270144,-0.218333137424923,1
753,1.16196980887418,0.587436135993777,1
754,1.46228004634412,0.0966327826630042,1
755,0.119747214297511,1.42640661034971,1
756,-0.993954219507439,-0.950393922735469,1
757,-1.30963532052093,-0.667667694206248,1
758,1.28992797821285,0.204904224374234,1
759,-0.178320089783891,0.346277236657377,1
760,-1.23688472117962,-0.47376632279042,1
761,1.07051982227722,-0.643462359952426,1
762,-0.42997410164983,-0.554095522482018,1
763,-1.12472440989025,0.925270205413398,1
764,1.22578026958755,-0.404431569577463,1
765,0.721086424493926,0.0184756179296222,1
766,-0.467490777997964,0.921872715456591,1
767,0.763869209174616,0.457832799546719,1
768,-0.331504992590174,0.766955204367955,1
769,0.932189635795212,-0.510315429181079,1
770,0.217793672156201,0.29774897815706,1
771,-0.782717096051022,0.741476471462448,1
772,0.538129174793364,-1.20829920582607,1
773,-0.883884073255804,0.335499381416155,1
774,-0.283741917782106,-0.462830278584575,1
775,0.337539265155222,0.466749985853823,1
776,-0.782682079285793,0.093353774199617,1
777,-0.701772521370661,0.375184710652872,1
778,0.111612549561494,0.484887979883058,1
779,-0.983199203438549,-0.734353848970267,1
780,-0.177038178299407,0.217582746095974,1
781,0.486722168976004,0.903677122157807,1
782,-0.477629176637152,-1.22202740264964,1
783,-0.545679643144381,-0.43597041686927,1
784,0.196684466235077,0.220688604268735,1
785,0.338380615121924,-0.756807155494629,1
786,0.620126480083292,0.313321850562353,1
787,-1.4540476673823,-0.288728562586482,1
788,0.544070495199535,0.342661688777539,1
789,-0.708640567601522,1.29528746118466,1
790,0.596259572984734,1.36245642724656,1
791,0.818745708116867,-0.61325201924177,1
792,0.787598232094376,1.16340991848903,1
793,-0.989454972621736,0.0361007783121284,1
794,0.643203208869957,-1.04971988315447,1
795,0.0639195238488308,-0.311980032732601,1
796,0.030752926191622,0.936228886903769,1
797,0.551579526567497,-0.631093634080511,1
798,0.743221769654738,1.05873099452018,1
799,0.220389303693348,0.703140671867021,1
800,-0.433210555684988,0.717515227237465,1
801,-0.792675300399448,0.791491168289445,1
802,1.1787601910456,0.73932116356369,1
803,-0.532872430688677,-0.0400330021990964,1
804,0.621254659990536,0.718040122751668,1
805,0.0725964785997672,1.28040501019118,1
806,0.488082161423217,-0.294525833306338,1
807,1.03989422848057,-0.151297743026829,1
808,-0.799038091492281,0.0167939324327753,1
809,-0.110764402376504,0.326778823025902,1
810,0.395418261305172,-0.876566613682812,1
811,0.610863621904642,0.0685070307317301,1
812,-1.23503476730591,-0.329668448518523,1
813,-0.275973835249011,0.656369652751048,1
814,-1.05984335378813,-0.698761732517341,1
815,-0.0564561781589147,0.589459912938343,1
816,-0.569419196927067,-0.165309376199754,1
817,0.396048269789023,-1.24903873313837,1
818,1.2607428535617,0.708942306254415,1
819,0.294052568290928,-0.120564708142231,1
820,-0.551280873697416,-0.965150861242472,1
821,1.04101294345739,0.797974874402742,1
822,-0.0954349643022042,-0.261340302161979,1
823,0.405440182096748,0.428865291568512,1
824,-0.31545638160637,-1.01873981549145,1
825,0.908755118202195,0.765901931111953,1
826,0.531439060594023,0.13879312784609,1
827,0.891412804703523,1.07137495272679,1
828,-0.46668114440512,0.182472655837337,1
829,-0.188275700166355,-1.03810959213406,1
830,1.07046738353056,-0.495221900699263,1
831,0.564526228162351,-0.0873758483404731,1
832,0.740071066598587,0.733981898477874,1
833,0.641401328169474,-0.194549391937178,1
834,-0.773745707267256,0.762979038176213,1
835,-0.27996140806346,1.0063284414882,1
836,0.559644334113334,-0.0903655464733016,1
837,-0.427064918920876,-0.18864220841651,1
838,1.03009378889361,0.0952515089088728,1
839,-0.71338035496894,0.312191383976821,1
840,1.28660493069789,-0.0160733412712161,1
841,-0.102830962534488,1.13728406629764,1
842,0.437553472808791,0.0435919334855646,1
843,-0.573891463277282,0.54693584281554,1
844,-1.01756383582078,-0.408902070419906,1
845,-0.566101977859055,-1.23758592521523,1
846,-0.254213994940355,0.412179936124761,1
847,0.512348844994935,-0.349100403415541,1
848,-0.533412859948143,-0.322996638248915,1
849,1.21902817694979,-0.72483773317213,1
850,0.902014342728215,0.742193169145862,1
851,0.16010169095844,0.238628250695828,1
852,0.777410845489677,-0.513819967016944,1
853,0.557411998916389,-0.130636916095337,1
854,-0.505105614201591,-0.207368967973149,1
855,0.22162456965463,-0.548107712582352,1
856,1.1634827150759,0.297903082777861,1
857,1.21046240145892,-0.667839612440441,1
858,0.787324181481795,0.120317591962013,1
859,0.961537654639455,0.331775583522186,1
860,-0.963402248425444,-0.105806814308946,1
861,0.683859323023078,0.367009117474432,1
862,-0.625349165249787,1.3251326312527,1
863,-0.747494316114522,-0.514889186698122,1
864,0.598231854534675,-0.787377820126492,1
865,-1.02726507071644,-0.256216451622021,1
866,-0.246056616606482,-0.328664102586036,1
867,-0.343492147878806,0.234512535333337,1
868,0.898780756206913,-0.0143967684225799,1
869,-0.81107868446486,0.4930905655327,1
870,-0.340161734886544,-0.459890045182039,1
871,-0.754622286389094,0.191489266531809,1
872,-0.253861366872795,-1.47660467457273,1
873,-0.107195592443611,-0.758310328397671,1
874,-1.26035779947798,-0.630567697739897,1
875,0.641514578294171,1.04571723751958,1
876,-0.259315558823851,0.40325482728672,1
877,-0.17110611256583,-0.887199374705229,1
878,-0.139853278473855,-0.719064205391282,1
879,-0.219928169874238,0.163187251184881,1
880,0.47432638226737,0.51857930746341,1
881,-0.52299654278002,0.396721094765137,1
882,0.384266577545086,-0.473425328452279,1
883,-0.0868749944318469,-0.66266031775968,1
884,0.792903211397309,0.504564665670729,1
885,-1.28029293765446,-0.0781576452292677,1
886,0.134824716582812,-0.538840656064933,1
887,-0.496356937713919,1.19754570560204,1
888,0.662128126980512,-1.17461760066387,1
889,0.457764598172059,-0.23974190142477,1
890,0.525851670003298,-1.30910631165818,1
891,0.136838273737098,0.613870950839633,1
892,-1.04106799135881,-0.140063515171203,1
893,-0.257616297501221,-0.00759035109557388,1
894,0.551285934380771,-0.0719843165647903,1
895,1.40392560952697,0.348137674904274,1
896,0.428575346403352,0.00240033823828767,1
897,0.185891613626186,0.681632934299907,1
898,0.0109212625440429,0.509474628646223,1
899,1.16241764826986,0.153469155749898,1
900,-0.0556315623376475,-1.02292845266677,1
901,0.583150550877409,-0.786282618090189,1
902,-0.245384715856229,0.577478401644313,1
903,0.285004738116396,0.743520738215315,1
904,1.03953284647687,0.634515982059503,1
905,-0.595398316967717,1.27234744592293,1
906,0.0672072963794148,-1.30658782314812,1
907,-1.21594673711871,0.0658243419834415,1
908,1.14743031514766,0.475265208081102,1
909,0.731556204289907,1.28279243693212,1
910,0.255143784179013,-0.598341945127975,1
911,0.954158975104005,-0.0713630005285769,1
912,0.468082031990369,1.33689714628235,1
913,-0.286064799999741,-0.860754136713958,1
914,0.380452655103746,0.338144566668046,1
915,-0.872908445276105,-0.711670711792714,1
916,0.563036085756317,0.803967356004336,1
917,-0.822289168854889,0.684525033671957,1
918,-1.11398669214164,0.138826465397191,1
919,-0.64360522877581,0.331538645102344,1
920,0.399288510643229,-0.550491919068978,1
921,-0.414233823441232,0.424973068866157,1
922,0.118363896204596,0.701909111930368,1
923,-0.607467682610469,-0.160147854626453,1
924,-0.514258728333257,-0.500683100887222,1
925,-0.46080229751894,-0.551591980704393,1
926,-0.217949339457994,1.08618098026601,1
927,0.653935560655563,0.991164478133197,1
928,-0.204275239400706,-1.035315798818,1
929,0.557605531013812,1.24023330159255,1
930,-0.591152547067042,-1.07186551341917,1
931,-0.657527694432862,0.452335377174139,1
932,1.05847123818047,-0.763890768582169,1
933,0.550438466265243,-0.816452078465034,1
934,0.114311089432225,-1.30212989584212,1
935,-0.686179614852416,-0.326278253994354,1
936,-0.0294982702703026,0.450069846970938,1
937,-0.319905283168606,0.604118888185945,1
938,1.08124867787443,-0.435381562816336,1
939,-0.43908330236667,-0.792284287825866,1
940,0.81499973828978,0.415412317802269,1
941,-0.0659003422791424,-0.243672826242495,1
942,-1.08469306347854,0.0125143725294337,1
943,0.250223882966157,0.217949404483186,1
944,-0.174698279444774,-1.2109602444142,1
945,-0.665803401315822,-0.18354380696203,1
946,-0.969193254475189,0.00498510932325798,1
947,1.06107600488798,0.177233632047267,1
948,-0.141081995259683,0.687668254912251,1
949,0.509318607759574,0.289428600912148,1
950,-0.385481248342152,0.124478793471743,1
